,4-31g
auxiliaries,{}
basename,4-31G
description,4-31G valence double-zeta basis set
display_name,4-31G
family,pople
function_types,['gto']
latest_version,1
other_names,[]
relpath,
role,orbital
tags,[]
versions,"{'0': {'file_relpath': '4-31G.0.table.json', 'revdesc': 'Data from the Original Basis Set Exchange', 'revdate': '2007-01-15', 'elements': ['1', '2', '3', '4', '5', '6', '7', '8', '9', '10', '15', '16', '17']}, '1': {'file_relpath': '4-31G.1.table.json', 'revdesc': 'Data from Gaussian 09', 'revdate': '2018-06-19', 'elements': ['1', '2', '5', '6', '7', '8', '9', '10', '15', '16', '17']}}"
